,budget,id,imdb_id,original_language,original_title,release_date,revenue,runtime,vote_average,vote_count
0,9000000,77,tt0209144,en,Memento,2000-10-11,39723096,113,8.1,4222
0,103000000,98,tt0172495,en,Gladiator,2000-05-01,457640427,155,7.9,5625
0,7000000,1359,tt0144084,en,American Psycho,2000-04-13,34266564,102,7.3,2154
0,90000000,8358,tt0162222,en,Cast Away,2000-12-22,429632142,143,7.5,3334
0,45000000,7443,tt0120630,en,Chicken Run,2000-06-21,224834564,84,6.5,1204
0,125000000,955,tt0120755,en,Mission: Impossible II,2000-05-24,546388105,123,5.9,1988
0,10000000,107,tt0208092,en,Snatch,2000-09-01,83557872,103,7.7,2981
0,120000000,2133,tt0177971,en,The Perfect Storm,2000-03-15,325756637,130,6.2,616
0,45000000,6282,tt0200550,en,Coyote Ugly,2000-07-30,113916474,100,5.8,597
0,0,40096,tt0271383,pt,O Auto da Compadecida,2000-09-10,0,104,8.3,125
0,17000000,146,tt0190332,zh,????,2000-10-01,213525736,120,7.2,963
0,100000000,11688,tt0120917,en,The Emperor's New Groove,2000-12-09,169327687,78,7.2,1553
0,110000000,2024,tt0187393,en,The Patriot,2000-06-28,215294342,165,6.9,1142
0,35000000,10862,tt0186894,en,Bounce,2000-11-15,36779296,106,5.5,121
0,0,10393,tt0191397,en,The Replacements,2000-08-07,0,118,6.1,209
0,23000000,9532,tt0195714,en,Final Destination,2000-03-16,53302314,98,6.4,1433
0,5000000,71,tt0249462,en,Billy Elliot,2000-05-18,110000000,110,7.4,782
0,40000000,1907,tt0163978,en,The Beach,2000-02-11,144056873,119,6.4,1282
0,0,16187,tt0181196,en,Buzz Lightyear of Star Command: The Adventure Begins,2000-08-08,0,70,5.5,53
0,19000000,4247,tt0175142,en,Scary Movie,2000-07-07,278019771,88,6.0,1493
0,65000000,4244,tt0219854,en,The Kid,2000-07-07,69700000,104,6.0,243
0,90000000,9679,tt0187078,en,Gone in Sixty Seconds,2000-06-09,237202299,118,6.1,1520
0,0,10473,tt0214641,en,DragonHeart: A New Beginning,2000-08-08,0,84,5.5,70
0,9000000,6521,tt0208874,en,The Contender,2000-10-13,0,126,6.8,63
0,92000000,4327,tt0160127,en,Charlie's Angels,2000-11-02,264105545,98,5.5,1267
0,0,19457,tt0138946,en,The Yards,2000-04-27,0,115,6.1,100
0,0,2440,tt0260991,ko,?????? JSA,2000-09-09,0,110,7.7,116
0,13000000,8859,tt0242423,en,"Dude, Where?s My Car?",2000-12-15,73180723,83,5.3,527
0,25000000,10562,tt0164212,en,Under Suspicion,2000-09-24,260562,110,6.3,107
0,51000000,2123,tt0183505,en,"Me, Myself & Irene",2000-06-22,149270999,116,6.1,966
0,4500000,3176,tt0266308,ja,?????????,2000-12-16,25000000,114,7.3,1000
0,45000000,1493,tt0212346,en,Miss Congeniality,2000-12-14,212000000,111,6.1,1003
0,95000000,10501,tt0138749,en,The Road to El Dorado,2000-03-31,76432727,89,7.0,904
0,0,10867,tt0213847,it,Mal?na,2000-10-27,0,109,6.9,309
0,33000000,8843,tt0209958,en,The Cell,2000-08-17,104155843,107,6.0,446
0,0,30970,tt0216625,fr,Code Inconnu: R?cit Incomplet de Divers Voyages,2000-05-19,95242,118,6.9,60
0,95000000,9383,tt0164052,en,Hollow Man,2000-08-04,190213455,112,5.6,653
0,0,843,tt0118694,cn,????,2000-05-22,12854953,98,7.8,386
0,8000000,10873,tt0189998,en,Shadow of the Vampire,2000-05-15,8279017,92,6.6,150
0,75000000,9741,tt0217869,en,Unbreakable,2000-11-13,248118121,106,6.9,2018
0,20000000,876,tt0142032,en,Frank Herbert's Dune,2000-12-03,0,292,6.7,116
0,2000000,10688,tt0171359,en,Hamlet,2000-05-12,1568749,112,6.0,35
0,123000000,8871,tt0170016,en,How the Grinch Stole Christmas,2000-11-17,345141403,104,6.2,1452
0,0,3134,tt0249380,fr,Baise-moi,2000-06-28,940944,77,4.2,77
0,11000000,10471,tt0195945,en,Next Friday,2000-01-12,59827328,98,6.5,147
0,65000000,11983,tt0228750,en,Proof of Life,2000-12-08,0,135,6.1,212
0,0,25128,tt0234137,en,Love & Sex,2000-01-24,0,82,5.5,22
0,43000000,711,tt0181536,en,Finding Forrester,2000-12-21,80049764,136,7.0,308
0,40000000,10647,tt0223897,en,Pay It Forward,2000-10-12,55707411,122,7.0,454
0,0,13930,tt0248808,en,For the Birds,2000-11-01,0,3,7.5,392
0,14000000,12212,tt0192731,en,Urban Legends: Final Cut,2000-09-19,38574362,97,4.4,103
0,0,12609,tt0168856,da,"Hj?lp, jeg er en fisk",2000-10-06,0,80,6.3,73
0,25000000,12211,tt0144964,en,Highlander: Endgame,2000-09-01,15843608,87,4.5,108
0,2000000,55,tt0245712,es,Amores perros,2000-06-16,20908467,154,7.6,544
0,55000000,1597,tt0212338,en,Meet the Parents,2000-10-06,330444045,108,6.6,1765
0,25000000,2085,tt0165929,en,Romeo Must Die,2000-03-20,91036760,115,6.0,337
0,12000000,10763,tt0205271,en,Dr. T and the Women,2000-09-13,0,121,4.6,71
0,10000000,29076,tt0171356,en,Gun Shy,2000-02-04,1631839,101,5.4,24
0,18000000,10560,tt0210616,en,Center Stage,2000-05-12,17200925,115,6.8,95
0,48000000,1900,tt0181865,en,Traffic,2000-12-27,207515725,147,6.9,579
0,26000000,134,tt0190590,en,"O Brother, Where Art Thou?",2000-08-30,71868327,106,7.3,1150
0,62000000,3536,tt0141926,en,U-571,2000-04-20,127666415,116,6.2,351
0,0,15653,tt0208185,en,An Extremely Goofy Movie,2000-02-29,0,79,6.0,124
0,15000000,11478,tt0192614,en,The Skulls,2000-03-31,35007180,106,5.7,162
0,127500000,10567,tt0130623,en,Dinosaur,2000-05-19,354248063,82,6.2,568
0,12800000,16,tt0168629,en,Dancer in the Dark,2000-05-17,40031879,140,7.7,396
0,16000000,10571,tt0204175,en,Boys and Girls,2000-06-16,20627372,94,5.4,108
0,5000000,11826,tt0203119,en,Sexy Beast,2000-09-13,0,89,7.0,221
0,70000000,3981,tt0207201,en,What Women Want,2000-12-15,374111707,127,6.1,1034
0,16000000,9285,tt0215129,en,Road Trip,2000-05-19,119754278,93,6.0,555
0,100000000,2655,tt0161081,en,What Lies Beneath,2000-07-21,155464351,130,6.3,511
0,40000000,11398,tt0160009,en,The Art of War,2000-08-23,30199105,117,5.6,139
0,0,12490,tt0160611,en,Ordinary Decent Criminal,2000-01-07,0,93,6.0,68
0,0,9519,tt0221073,en,Chopper,2000-06-21,236185,94,6.7,113
0,52000000,462,tt0195685,en,Erin Brockovich,2000-03-17,256271286,131,7.1,737
0,80000000,4958,tt0146984,en,The Legend of Bagger Vance,2000-11-02,39459427,126,6.4,261
0,0,16366,tt0264734,en,Joseph: King of Dreams,2000-11-07,0,74,6.4,170
0,30000000,243,tt0146882,en,High Fidelity,2000-03-17,47126295,113,7.0,641
0,55000000,8584,tt0184894,en,Shanghai Noon,2000-05-26,56932305,110,6.2,764
0,65000000,5551,tt0186566,en,Space Cowboys,2000-07-31,128884132,130,6.3,412
0,90000000,10384,tt0134983,en,Supernova,2000-01-14,14828081,91,4.9,109
0,1000000,20637,tt0194218,en,Panic,2000-12-01,779137,88,6.8,27
0,20000000,14736,tt0199725,en,Love & Basketball,2000-04-21,27728118,124,7.5,93
0,0,25538,tt0244316,zh,??,2000-09-20,0,173,7.7,98
0,40000000,4234,tt0134084,en,Scream 3,2000-02-03,161834276,116,5.7,756
0,30000000,9600,tt0208003,en,Big Momma's House,2000-05-31,173959438,98,5.5,522
0,46000000,479,tt0162650,en,Shaft,2000-06-15,107196498,99,5.6,319
0,82000000,8452,tt0216216,en,The 6th Day,2000-11-17,96085477,123,5.7,610
0,41300000,2069,tt0190138,en,The Whole Nine Yards,2000-02-18,106371651,98,6.3,547
0,0,22230,tt0208196,en,Happy Accidents,2000-01-25,688510,110,7.1,41
0,48000000,1636,tt0230030,en,Bedazzled,2000-10-19,90383208,93,5.6,529
0,32000000,11978,tt0203019,en,Men of Honor,2000-09-13,48814909,129,7.0,565
0,65000000,10641,tt0174480,en,Autumn in New York,2000-08-11,0,103,5.7,145
0,85000000,10481,tt0211181,en,102 Dalmatians,2000-10-07,183611771,100,5.1,330
0,42000000,2155,tt0184858,en,Reindeer Games,2000-02-25,32168970,124,5.3,177
0,0,31776,tt0149367,en,Where the Money is,2000-04-14,0,89,5.5,15
0,2365000,60670,tt0228786,fr,Les Rivi?res pourpres,2000-09-26,0,106,6.8,367
0,0,23160,tt0249241,hu,Werckmeister harm?ni?k,2000-07-12,25461,145,7.4,64
0,60000000,786,tt0181875,en,Almost Famous,2000-09-15,47383689,122,7.4,812
0,75000000,7450,tt0120913,en,Titan A.E.,2000-06-16,36754634,94,6.3,320
0,22000000,24100,tt0192255,en,The Little Vampire,2000-10-27,13555988,95,6.0,79
0,60000000,10479,tt0160797,en,Rules of Engagement,2000-04-07,71000000,128,6.0,179
0,25000000,392,tt0241303,en,Chocolat,2000-12-14,152500343,121,6.8,991
0,0,22705,tt0200192,it,Tra(sgre)dire,2000-01-28,0,89,5.5,40
0,16000000,10991,tt0235679,ja,Pok?mon 3: The Movie,2000-07-08,68411275,93,6.0,144
0,76000000,17711,tt0131704,en,The Adventures of Rocky & Bullwinkle,2000-06-30,35134820,88,3.9,90
0,75000000,11678,tt0190865,en,Vertical Limit,2000-12-08,215663859,124,5.9,288
0,30000000,15655,tt0220099,en,The Tigger Movie,2000-02-11,45554533,77,6.3,147
0,26000000,14181,tt0181984,en,Boiler Room,2000-02-18,28780255,118,6.6,204
0,0,15489,tt0184907,en,Snow Day,2000-02-11,0,89,4.8,51
0,80000000,11973,tt0146309,en,Thirteen Days,2000-12-24,34566746,145,6.9,194
0,0,10642,tt0217630,en,Loser,2000-07-21,0,98,5.0,123
0,10000000,14195,tt0173716,en,Cecil B. Demented,2000-05-17,0,87,6.2,53
0,0,110147,tt0207275,en,The 10th Kingdom,2000-02-25,0,417,7.5,51
0,6,12509,tt0183659,en,Pollock,2000-09-06,8,122,6.6,93
0,0,24102,tt0267657,en,The Land Before Time VII: The Stone of Cold Fire,2000-12-05,0,75,5.9,51
0,10000000,2046,tt0219699,en,The Gift,2000-12-22,12008642,111,6.4,290
0,84000000,12107,tt0144528,en,Nutty Professor II: The Klumps,2000-07-27,123307945,106,4.7,341
0,0,11518,tt0213890,hi,?????????,2000-10-27,0,216,6.9,59
0,0,2332,tt0183869,fr,Taxi 2,2000-03-24,60726164,82,6.1,433
0,14000000,18041,tt0176783,en,Gossip,2000-04-21,5108820,90,5.6,70
0,0,5257,tt0205873,en,The Dish,2000-07-11,0,101,6.5,63
0,5000000,9871,tt0210070,en,Ginger Snaps,2000-08-01,0,108,6.6,213
0,80000000,8870,tt0199753,en,Red Planet,2000-11-10,33463969,106,5.4,275
0,10000000,10687,tt0170691,en,Tigerland,2000-09-22,0,101,6.7,156
0,85000000,9678,tt0185431,en,Little Nicky,2000-11-10,0,90,5.2,450
0,31000000,10559,tt0186151,en,Frequency,2000-04-28,68106245,118,7.0,475
0,30000000,10637,tt0210945,en,Remember the Titans,2000-09-29,136706683,113,7.4,843
0,60000000,5994,tt0218967,en,The Family Man,2000-12-12,0,125,6.5,532
0,24000000,10480,tt0171580,en,Nurse Betty,2000-09-08,0,108,5.9,113
0,0,14295,tt0203230,en,You Can Count on Me,2000-11-17,0,111,6.8,90
0,15000000,10564,tt0198021,en,Where the Heart Is,2000-04-27,33771174,120,6.9,162
0,0,3716,tt0177858,de,Im Juli,2000-08-23,0,100,7.5,54
0,0,13785,tt0218839,en,Best in Show,2000-09-19,0,90,6.7,169
0,83000000,889,tt0158622,en,The Flintstones in Viva Rock Vegas,2000-04-28,59468275,90,4.4,141
0,0,9791,tt0204137,en,Animal Factory,2000-08-01,0,94,6.6,46
0,4500000,641,tt0180093,en,Requiem for a Dream,2000-10-27,7390108,102,7.9,2558
0,63600000,10461,tt0208988,en,Get Carter,2000-10-06,19412993,102,4.8,148
0,30000000,4967,tt0171433,en,Keeping the Faith,2000-04-14,37036004,127,5.9,162
0,8500000,1619,tt0202677,en,The Way of the Gun,2000-09-08,19125401,119,6.4,107
0,23000000,2787,tt0134847,en,Pitch Black,2000-02-18,53187659,108,6.7,1824
0,0,10569,tt0196216,en,Small Time Crooks,2000-05-19,0,94,6.4,156
0,0,36968,tt0200809,en,Life-Size,2000-03-05,0,101,5.4,90
0,57000000,21355,tt0149624,en,All the Pretty Horses,2000-12-11,0,117,5.8,61
0,43000000,10468,tt0191754,en,28 Days,2000-04-06,0,103,6.0,211
0,28000000,10577,tt0219653,en,Dracula 2000,2000-12-22,33000337,99,4.6,151
0,0,1698,tt0187696,de,Anatomie,2000-02-03,0,103,6.1,61
0,2000000,12597,tt0229440,en,Hellraiser: Inferno,2000-10-03,0,99,5.3,102
0,0,9011,tt0183678,en,The Prophecy 3: The Ascent,2000-03-14,0,103,5.5,38
0,0,16234,tt0233298,en,Batman Beyond: Return of the Joker,2000-12-12,0,74,7.5,153
0,90000000,2067,tt0183523,en,Mission to Mars,2000-03-10,60874615,114,5.7,379
0,40000000,10385,tt0162983,en,Hanging Up,2000-02-16,36037909,94,5.0,42
0,0,10383,tt0160484,en,Lost Souls,2000-10-13,0,97,4.5,38
0,0,30944,tt0219224,en,On the Beach,2000-05-28,0,195,6.1,23
0,13000000,51333,tt0182295,en,Love's Labour's Lost,2000-03-31,299792,93,5.4,14
0,0,15999,tt0216651,ja,???????D ???????,2000-08-25,0,103,7.0,95
0,7000000,17908,tt0156812,en,My Dog Skip,2000-01-14,0,95,6.5,71
0,33000000,10685,tt0204626,en,The Watcher,2000-09-08,0,96,4.9,113
0,35000000,11004,tt0185014,en,Wonder Boys,2000-02-22,0,111,6.9,165
0,0,10613,tt0208911,en,The King Is Alive,2000-05-11,0,110,5.8,9
0,0,112,tt0243862,da,Italiensk for begyndere,2000-12-07,0,112,6.5,33
0,0,29458,tt0238891,it,I cento passi,2000-08-31,1805884,114,7.8,119
0,0,46119,tt0197384,en,Crime + Punishment in Suburbia,2000-01-01,26394,100,6.1,14
0,10000000,2360,tt0195234,en,Saving Grace,2000-01-24,26330482,93,6.4,116
0,13500000,10876,tt0180073,en,Quills,2000-11-22,7060876,124,6.8,132
0,0,10035,tt0214388,en,100 Girls,2000-09-01,0,94,5.6,119
0,12000000,327,tt0222851,ja,Brother,2000-09-09,15250000,114,6.8,107
0,35000000,11849,tt0190374,en,Dungeons & Dragons,2000-12-08,15185241,107,3.9,159
0,0,16990,tt0270933,ja,???????,2000-06-24,0,98,7.3,17
0,0,29015,tt0181836,en,The Specials,2000-09-22,0,82,5.5,11
0,44000000,5491,tt0185183,en,Battlefield Earth,2000-05-10,21400000,118,3.0,260
0,0,18394,tt0191996,en,Essex Boys,2000-07-14,0,102,5.7,30
0,0,5458,tt0196267,en,Cruel Intentions 2,2000-11-09,0,87,4.4,101
0,0,45438,tt0233600,cn,????,2000-01-28,0,118,5.7,20
0,0,27336,tt0139426,en,Lighthouse,2000-02-04,0,95,4.5,9
0,10000000,9456,tt0132910,en,The Crow: Salvation,2000-10-31,0,102,4.9,75
0,40000000,10391,tt0163983,en,Bless the Child,2000-08-11,0,107,4.9,72
0,28000000,1588,tt0204946,en,Bring It On,2000-08-25,90449929,98,5.8,577
0,1500000,18079,tt0247586,es,Nueve Reinas,2000-08-31,0,114,7.4,160
0,0,27444,tt0236019,en,Better Than Sex,2000-11-09,0,84,5.5,8
0,30,16340,tt0213203,it,Rugrats in Paris: The Movie,2000-09-14,103,78,6.1,103
0,0,19576,tt0814243,ja,?????,2000-03-04,0,59,6.9,44
0,0,43079,tt0156757,en,Mad About Mambo,2000-04-04,0,92,4.6,7
0,0,68954,tt0192263,en,Longitude,2000-01-13,0,198,7.3,12
0,0,10989,tt0237993,is,101 Reykjav?k,2000-05-31,0,88,6.7,34
0,0,11531,tt0229260,en,Book of Shadows: Blair Witch 2,2000-10-27,0,90,4.3,217
0,6000000,9674,tt0235712,ja,??????????,2000-01-22,0,99,5.8,50
0,9,2089,tt0211792,fr,Cutaway,2000-08-26,0,104,4.5,10
0,0,50531,tt0252985,it,Chiedimi se sono felice,2000-12-15,0,0,7.5,284
0,0,30780,tt0199389,en,Cabin By The Lake,2000-02-01,0,91,5.5,13
0,0,10429,tt0159784,en,Takedown,2000-03-15,0,92,6.3,56
0,0,11477,tt0255067,es,La comunidad,2000-09-29,0,105,6.9,57
0,4000000,53986,tt0460411,en,Biohazard 4D: Executer,2000-11-01,0,19,5.8,5
0,0,19419,tt0156323,en,Screwed,2000-05-12,0,81,4.9,24
0,0,29572,tt0206917,en,The Man Who Cried,2000-08-29,0,96,5.7,58
0,0,27859,tt0201776,en,Rated X,2000-01-01,0,115,5.2,20
0,0,19348,tt0210075,en,Girlfight,2000-05-01,0,110,6.4,57
0,0,1609,tt0238660,en,There's Only One Jimmy Grimble,2000-08-25,0,106,7.0,34
0,7000000,15723,tt0189584,en,The Big Kahuna,2000-04-28,3728888,90,6.9,94
0,0,248058,tt0243370,de,Der Kuss meiner Schwester,2000-04-18,0,90,6.6,9
0,0,24664,tt0215545,en,Bamboozled,2000-10-06,0,135,6.2,25
0,8000000,318,tt0120753,en,The Million Dollar Hotel,2000-02-09,0,122,5.9,77
0,0,12619,tt0175526,en,Cherry Falls,2000-08-25,0,92,4.7,64
0,0,34729,tt0270560,en,Our Lips Are Sealed,2000-05-18,0,89,5.6,61
0,0,40466,tt0203425,en,Crocodile,2000-12-26,0,93,4.9,33
0,0,10978,tt0269389,en,Jalla! Jalla!,2000-12-22,0,88,5.9,32
0,0,24476,tt0206588,en,Beethoven's 3rd,2000-07-25,0,99,4.4,64
0,0,919,tt0275230,en,Blood: The Last Vampire,2000-11-18,0,48,6.6,78
0,0,41185,tt0218141,en,Deeply,2000-09-11,0,101,6.7,11
0,0,38047,tt0243889,ja,Y?rika,2000-05-18,0,217,6.6,19
0,4000000,32250,tt0330500,ja,??,2000-02-11,0,70,7.0,58
0,15000000,16225,tt0119273,en,Heavy Metal 2000,2000-04-19,0,88,5.2,38
0,26000000,7290,tt0157262,en,2001: A Space Travesty,2000-10-31,0,99,4.1,52
0,1500000,27723,tt0206226,en,Psycho Beach Party,2000-08-06,0,95,6.0,26
0,0,4369,tt0231844,en,Juste une question d'amour,2000-01-01,0,88,7.5,32
0,0,43555,tt0269009,it,Bodyguards - Guardie del corpo,2000-12-22,12963702,94,5.0,67
0,0,20410,tt0253658,en,Scooby-Doo and the Alien Invaders,2000-01-01,0,74,6.3,51
0,0,15869,tt0218094,en,Cheaters,2000-05-20,0,108,5.8,10
0,16000000,25166,tt0186045,en,Drowning Mona,2000-03-03,15427192,96,5.4,44
0,0,10597,tt0205177,en,Kevin & Perry Go Large,2000-04-20,0,82,5.6,49
0,50000,8653,tt0255589,ko,?,2000-04-22,21075,90,6.9,62
0,0,36897,tt0304564,en,Pok?mon: Mewtwo Returns,2000-12-30,0,63,6.1,74
0,0,10394,tt0210065,en,Gangster No. 1,2000-06-09,0,103,6.5,61
0,5500000,20455,tt0259974,en,Digimon: The Movie,2000-03-17,0,82,6.3,77
0,6900000,131940,tt0151150,hi,Josh,2000-06-09,15000000,162,6.0,15
0,0,50225,tt0201899,en,A Rumor of Angels,2000-09-08,0,106,6.5,7
0,0,18074,tt0134630,en,Duets,2000-09-09,0,112,5.5,35
0,24000000,2621,tt0122459,en,Return to Me,2000-04-07,36609995,115,6.1,68
0,0,49291,tt0251433,cn,????,2000-10-19,0,113,5.9,26
0,10000,5842,tt0275773,ja,VERSUS -?????-,2000-10-23,0,130,6.0,52
0,65000000,10783,tt0219952,en,Lucky Numbers,2000-10-27,0,105,4.9,53
0,15000000,36047,tt0163676,en,The In Crowd,2000-07-19,5217498,105,4.8,16
0,0,12480,tt0211387,fr,Gouttes d'eau sur pierres br?lantes,2000-03-15,0,90,6.8,22
0,5000000,4226,tt0212235,en,Shriek If You Know What I Did Last Friday the Thirteenth,2000-10-17,0,86,4.8,71
0,5000000,29512,tt0212830,en,Bruiser,2000-02-13,0,99,5.4,38
0,0,18002,tt0199727,en,"Love, Honour and Obey",2000-04-07,0,103,6.6,23
0,0,18098,tt0181199,en,Arabian Nights,2000-04-30,0,175,6.9,21
0,0,13539,tt0195778,en,Here On Earth,2000-03-23,0,96,5.4,48
0,0,193380,tt0230534,fr,Les Mis?rables,2000-09-03,0,400,6.7,36
0,16000000,13526,tt0210382,en,The Weight of Water,2000-09-25,109130,113,5.6,34
0,8000000,14629,tt0206420,en,Woman on Top,2000-09-22,0,92,5.5,48
0,10000000,25520,tt0200720,en,The House of Mirth,2000-09-23,5164404,140,6.4,25
0,0,18168,tt0199314,en,About Adam,2000-01-28,151559,105,5.4,37
0,0,48246,tt0252227,en,Alvin and the Chipmunks Meet the Wolfman,2000-08-29,0,77,6.0,26
0,0,23990,tt0218581,it,Scarlet Diva,2000-05-26,0,91,5.0,12
0,0,5001,tt0247196,en,Before Night Falls,2000-09-03,8524534,134,6.6,65
0,0,28346,tt0226919,en,Krocodylus,2000-12-04,0,84,4.5,10
0,0,742,tt0203166,sv,Tillsammans,2000-08-25,0,106,6.8,72
0,0,18011,tt0209095,en,Leprechaun in the Hood,2000-03-28,0,90,4.4,29
0,0,10697,tt0216787,fr,Le go?t des autres,2000-03-01,0,112,6.6,48
0,0,33504,tt0243794,es,El Bola,2000-10-20,0,83,7.1,26
0,0,25212,tt0158583,en,Deterrence,2000-03-10,0,101,6.1,7
0,0,20677,tt1068773,ja,?????? ???????,2000-04-22,0,100,7.4,30
0,9000000,10472,tt0186975,en,Down to You,2000-01-21,0,91,4.9,71
0,35000000,14805,tt0211938,en,Bait,2000-09-14,0,119,6.1,48
0,0,21991,tt0120202,en,State and Main,2000-08-26,0,102,6.5,55
0,0,10305,tt0232083,fr,Merci pour le chocolat,2000-08-01,0,99,5.5,13
0,24000000,16888,tt0213790,en,The Ladies Man,2000-10-13,13700000,84,5.7,35
0,0,71887,tt0256466,en,The Ultimate Christmas Present,2000-12-01,0,85,5.2,12
0,1100000,25180,tt0158466,en,Anne Of Green Gables: The Continuing Story,2000-07-23,0,180,6.2,26
0,0,44015,tt0223954,en,The Prime Gig,2000-01-01,0,98,5.6,11
0,0,244839,tt0366620,en,Into Pitch Black,2000-01-30,0,60,4.8,10
0,1500000,20993,tt0238883,ru,???? 2,2000-01-01,0,122,7.2,40
0,0,37302,tt0190524,en,Left Behind,2000-10-30,0,96,4.0,41
0,0,4973,tt0240913,fr,Sous le Sable,2000-09-11,0,92,6.4,31
0,0,15993,tt0119185,en,Gen 13,2000-10-30,0,73,5.5,7
0,0,11303,tt0236638,fr,Promenons-nous dans les bois,2000-06-13,0,90,3.1,11
0,0,52663,tt0261552,ko,???,2000-02-04,0,116,6.3,18
0,0,9995,tt0216772,en,Turn It Up,2000-09-06,0,86,5.0,5
0,0,44203,tt0330501,ja,??2 ????,2000-03-25,0,76,5.9,37
0,24000000,20697,tt0217756,en,Ready to Rumble,2000-04-07,12372410,107,4.7,51
0,15000000,16222,tt0202402,en,Whatever It Takes,2000-03-31,9902115,94,5.1,38
0,0,11366,tt0244870,ja,????,2000-02-11,0,90,6.1,52
0,0,12650,tt0282599,ko,???,2000-09-09,0,105,7.3,32
0,0,44853,tt0218378,en,The Claim,2000-12-29,0,120,5.6,17
0,0,5833,tt0284946,en,Casper's Haunted Christmas,2000-10-31,0,84,5.0,42
0,0,34299,tt0210567,en,Beautiful,2000-09-10,0,112,5.8,13
0,0,48617,tt0279079,xx,Father and Daughter,2000-01-01,0,8,7.4,45
0,0,49288,tt0244884,cn,?????????,2000-03-31,0,100,6.6,4
0,0,27745,tt0236216,en,The Filth and the Fury,2000-03-29,0,108,7.3,30
0,60000000,10416,tt0181151,en,What Planet Are You From?,2000-03-03,0,105,5.4,37
0,0,47943,tt0216800,fr,"Harry, un ami qui vous veut du bien",2000-08-15,3818452,117,6.7,47
0,0,12806,tt0250478,ca,Krampack,2000-05-18,0,91,5.8,25
0,0,51422,tt0218080,en,Agent Red,2000-01-01,0,95,4.2,7
0,0,43674,tt0212533,en,The Spring,2000-01-16,0,89,6.9,4
0,0,45124,tt0238295,fr,In extremis,2000-08-23,0,110,4.3,4
0,0,552,tt0237539,it,Pane e Tulipani,2000-03-03,0,114,7.0,35
0,0,51861,tt0216841,en,Jet Set,2000-06-14,0,105,4.2,23
0,0,13966,tt0206926,en,Maybe Baby,2000-06-02,0,104,5.6,20
0,0,48217,tt0191636,en,La veuve de Saint-Pierre,2000-01-01,0,112,6.8,12
0,0,29937,tt0234288,cs,Mus?me si pom?hat,2000-03-16,0,120,7.6,11
0,0,28943,tt0232632,en,Shiner,2000-09-22,0,99,5.1,11
0,0,66796,tt0135707,en,Wind River,2000-06-07,0,97,7.0,1
0,0,428006,tt0208883,en,Desire,2000-09-10,0,97,0.0,0
0,25000000,1831,tt0156841,en,The Next Best Thing,2000-03-03,24362772,108,4.3,30
0,0,23941,tt0217355,en,Dancing at the Blue Iguana,2000-09-14,0,123,5.3,10
0,0,37588,tt0297814,en,Bruce Lee: A Warrior's Journey,2000-10-22,0,100,7.3,15
0,0,31067,tt0235376,en,Fail Safe,2000-04-09,0,86,7.0,22
0,0,55888,tt0230169,en,Ed Gein,2000-11-17,5708,89,4.8,26
0,0,41282,tt0209322,en,Skipped Parts,2000-06-06,0,100,6.5,21
0,0,38390,tt0268531,sv,Pettson & Findus - Kattonauten,2000-10-27,0,80,4.4,5
0,0,26245,tt0240793,en,Dark Prince: The True Story of Dracula,2000-10-31,0,92,6.2,16
0,0,34070,tt0120263,sv,S?nger fr?n andra v?ningen,2000-10-06,0,98,7.0,62
0,0,5247,tt0188055,en,Mercy,2000-02-11,0,117,5.2,6
0,0,9301,tt0203632,de,Der Krieger und die Kaiserin,2000-10-12,0,135,7.1,34
0,0,277289,tt0155198,en,$pent,2000-07-21,0,91,0.0,0
0,0,10180,tt0236027,da,Blinkende lygter,2000-11-03,0,109,7.1,49
0,8500000,37722,tt0127349,en,Waking the Dead,2000-03-23,327418,105,6.5,22
0,0,34027,tt0210719,en,The Great Gatsby,2000-03-29,0,90,5.2,12
0,0,25838,tt0245929,zh,????,2000-05-12,0,139,7.7,38
0,0,32536,tt0234588,en,Rejected,2000-07-25,0,9,7.5,50
0,0,9565,tt0248409,de,Schule,2000-12-07,0,99,5.5,20
0,0,93553,tt0269587,th,??????????????,2000-11-08,0,83,6.1,7
0,0,30148,tt0258291,sv,Vingar av glas,2000-10-20,0,105,3.7,3
0,0,9478,tt0239450,de,Harte Jungs,2000-03-29,0,95,4.5,26
0,0,49511,tt0118852,en,Chinese Coffee,2000-09-02,0,99,6.3,16
0,0,61064,tt0259489,en,Passion's Peak,2000-12-12,0,86,4.5,2
0,24000000,18884,tt0208629,en,Nuremberg,2000-07-16,0,180,7.6,23
0,0,312253,tt0283496,en,Mr. Butler,2000-06-20,0,126,6.0,3
0,0,9375,tt0215681,de,Crazy,2000-06-07,0,97,6.1,28
0,0,336970,tt0227590,sv,Syskonsalt,2000-09-13,0,58,8.0,2
0,0,28031,tt0206036,en,If These Walls Could Talk 2,2000-03-05,0,96,6.3,26
0,4000000,33347,tt0197750,en,Paranoid,2000-03-29,0,93,3.8,7
0,35000000,7093,tt0190861,en,Vatel,2000-05-01,0,125,6.0,33
0,0,72087,tt0193854,en,A Shot at Glory,2000-05-03,0,104,5.3,10
0,0,35650,tt0220627,fr,Maelstr?m,2000-09-08,0,87,6.3,19
0,0,48944,tt0265739,cn,????,2000-07-21,0,118,7.1,9
0,0,16987,tt0234000,hi,Kaho Naa... Pyaar Hai,2000-01-14,0,178,6.7,25
0,0,21531,tt0269743,ko,????? ?,2000-02-19,0,106,6.3,32
0,34000000,21311,tt0167203,en,I Dreamed of Africa,2000-05-05,0,114,5.3,18
0,0,18292,tt0262432,en,George Washington,2000-10-01,0,89,6.4,36
0,0,16275,tt0251654,en,Dave Chappelle: Killin' Them Softly,2000-01-01,0,57,8.7,34
0,0,17856,tt0284838,en,"Ali G, Aiii",2000-11-20,0,103,6.2,22
0,0,16404,tt0278351,ko,???,2000-07-01,0,118,6.0,15
0,0,80959,tt0246870,fr,Le Prince du Pacifique,2000-12-19,0,90,4.3,15
0,0,27092,tt0227277,es,Plata quemada,2000-05-11,0,125,6.4,21
0,0,14626,tt0209933,fr,Beau Travail,2000-05-03,0,90,7.2,35
0,0,55892,tt0427531,ja,MEZZO FORTE,2000-05-25,0,49,6.0,7
0,0,41275,tt0209264,en,Python,2000-08-09,0,99,3.7,24
0,0,271154,tt0246868,en,Power Rangers in 3D: Triple Force!,2000-07-03,0,40,5.0,2
0,3000000,40562,tt0144142,en,Committed,2000-01-21,0,98,4.4,12
0,0,45418,tt0244092,cn,????,2000-06-22,0,101,5.7,10
0,0,31347,tt0301083,ja,??? ??????????? ????????,2000-07-15,0,80,7.9,24
0,0,54638,tt0244290,de,Virtual Nightmare,2000-04-13,0,86,7.5,6
0,0,34856,tt0266408,zh,Leui ting jin ging,2000-12-21,0,92,5.3,8
0,0,49325,tt0194104,nl,Lek,2000-07-15,0,105,5.3,6
0,0,27099,tt0242795,fr,Presque rien,2000-06-07,0,100,6.1,24
0,0,166231,tt0250690,hi,Refugee,2000-06-30,0,207,5.5,5
0,0,15830,tt0245027,da,B?nken,2000-08-26,0,93,7.2,14
0,0,77519,tt0214878,fr,Le libertin,2000-03-15,0,100,5.7,5
0,0,176177,tt0215230,de,Verbotenes Verlangen - Ich liebe meinen Sch?ler,2000-01-18,0,0,0.0,0
0,0,279924,tt0299020,en,The Making of 'The Iron Giant',2000-07-10,0,30,5.8,2
0,0,42332,tt0251382,en,Santa Who?,2000-12-03,0,92,5.6,17
0,1000000,22597,tt0222850,en,The Broken Hearts Club: A Romantic Comedy,2000-02-01,1744858,94,6.3,26
0,0,195655,tt0262221,en,Sex Files: Alien Erotica II,2000-10-07,0,80,8.0,1
0,0,415488,tt0424986,ar,??????,2000-07-26,0,120,6.5,2
0,0,20160,tt0231971,fi,Levottomat,2000-01-28,0,106,5.2,16
0,0,478316,,cn,????,2000-06-15,0,0,0.0,0
0,150000,27711,tt0250469,en,Killjoy,2000-10-24,0,72,2.2,10
0,0,38987,tt0222293,en,Possible Worlds,2000-01-01,0,93,5.8,10
0,8300000,39468,tt0255198,ja,????????? G????,2000-11-03,0,105,5.6,24
0,0,39056,tt0269856,ja,??,2000-12-07,0,128,7.5,11
0,0,44490,tt0200530,en,Chuck & Buck,2000-01-21,0,96,5.7,18
0,0,65592,tt0229664,fr,Princes et princesses,2000-01-26,0,70,7.6,25
0,0,160066,tt0226708,fr,?pouse-moi,2000-01-19,0,90,7.5,2
0,0,37691,tt0212826,en,Bread and Roses,2000-05-10,0,110,6.3,14
0,0,22716,tt0289365,en,Ocean Oasis,2000-09-12,0,39,6.0,8
0,0,171120,tt0223744,en,The Mistress Club,2000-12-31,0,85,0.0,0
0,0,76177,tt0286214,en,Texas Chainsaw Massacre: The Shocking Truth,2000-01-01,0,75,6.7,7
0,0,29270,tt0259072,fa,Zamani baray? masti asbha,2000-01-01,0,80,6.6,22
0,0,19150,tt0198386,en,The Crew,2000-08-21,0,88,6.4,11
0,0,44321,tt0250809,es,La virgen de los sicarios,2000-09-01,0,101,6.5,16
0,0,46437,tt0240576,es,Hijos del viento,2000-06-16,0,0,0.0,0
0,0,19356,tt0263278,en,Dolphins,2000-04-14,0,41,5.2,5
0,0,52051,tt0194422,en,Seventeen Again,2000-11-12,0,97,5.1,9
0,0,2707,tt0270621,en,St. Paul,2000-12-03,0,170,6.0,6
0,0,281308,tt0256378,en,Sex Files: Sexually Bewitched,2000-08-05,0,80,4.5,2
0,0,96716,tt0128977,en,The Bumblebee Flies Anyway,2000-01-01,0,95,5.7,9
0,0,11599,tt0234837,zh,???,2000-01-29,0,83,6.4,16
0,0,294092,tt0214373,de,Sole Survivor,2000-01-01,0,0,4.5,4
0,0,10499,tt0234805,de,Die Stille nach dem Schuss,2000-09-14,0,102,5.4,6
0,0,64266,tt0266437,ru,???,2000-03-31,0,85,6.1,11
0,0,10205,tt0189456,en,Cut,2000-02-23,0,82,4.5,13
0,0,79271,tt0233338,fr,La bicyclette bleue,2000-06-27,0,0,7.4,5
0,0,37826,tt0291775,en,Bruce Springsteen and the E Street Band: Live in New York City,2000-06-29,0,180,7.5,7
0,0,16110,tt0205461,en,Thomas and the Magic Railroad,2000-07-26,0,85,4.8,10
0,0,19822,tt0190611,es,Pantale?n y las visitadoras,2000-06-30,0,137,6.3,12
0,0,154307,tt0226540,en,Too Much Flesh,2000-09-24,0,110,4.2,3
0,0,20883,tt0266821,ru,??????????? ???????????? ????? ? ?????? ??????,2000-01-01,0,100,6.1,9
0,0,20438,tt0234853,en,The Tao of Steve,2000-08-04,0,87,5.9,28
0,0,16641,tt0213749,en,Cirque du Soleil: Journey of Man,2000-05-05,0,39,6.1,5
0,0,48834,tt0255321,en,Liam,2000-09-04,0,90,6.3,10
0,0,15940,tt0221889,en,Beautiful Creatures,2000-08-23,0,85,5.9,25
0,0,41571,tt0260948,xx,The Heart of the World,2000-09-07,0,6,7.6,22
0,0,46226,tt0255195,en,The Goddess of 1967,2000-09-08,0,119,6.4,9
0,0,31352,tt1147513,ja,????? ?????????,2000-03-04,0,93,5.9,4
0,0,44412,tt0177650,en,Company Man,2000-03-09,0,86,5.3,9
0,20000000,20682,tt0194368,en,Chain of Fools,2000-09-22,0,96,5.9,24
0,0,47302,tt0192949,en,Stardom,2000-10-13,0,100,6.4,5
0,0,281479,tt0391787,en,Behind the 'Scream',2000-09-26,0,31,5.0,1
0,0,21056,tt0212815,en,Big Eden,2000-04-18,512451,117,6.1,13
0,0,19214,tt0160644,en,Passion of Mind,2000-01-07,0,105,5.8,6
0,0,47208,tt0213668,en,Freedom Song,2000-02-27,0,112,0.0,0
0,0,40039,tt0203940,en,Spiders,2000-01-01,0,94,4.3,26
0,36000000,75531,tt0141399,de,Isn't She Great,2000-01-28,3003296,95,4.6,14
0,0,38132,tt0216930,en,My 5 Wives,2000-09-08,0,100,3.9,4
0,0,197725,tt0219105,en,John Henry,2000-05-27,0,10,7.2,19
0,0,10898,tt0240684,en,The Little Mermaid II: Return to the Sea,2000-08-30,0,72,5.9,345
0,0,49514,tt0251094,en,Te jing xin ren lei 2,2000-11-17,0,120,5.0,5
0,0,21614,tt0242519,hi,Hera Pheri,2000-03-31,0,123,6.4,39
0,0,5245,tt0240500,en,Fast Lane to Malibu,2000-09-12,0,80,5.0,6
0,0,51767,tt0224086,en,Sexual Matrix,2000-04-01,0,79,5.5,2
0,0,48868,tt0400231,en,The World of Stainboy,2000-01-01,0,30,6.6,18
0,0,9601,tt0216741,de,Erkan & Stefan,2000-04-20,0,83,4.2,18
0,0,71884,tt0218121,en,Model Behavior,2000-03-12,0,89,5.4,6
0,0,24977,tt0245280,en,Michael Jordan to the Max,2000-05-05,21268532,46,7.5,10
0,0,70054,tt0239507,fr,Les filles ne savent pas nager,2000-10-18,0,102,4.5,3
0,2000000,278929,tt0168563,en,Can't Be Heaven,2000-12-05,0,94,5.5,2
0,0,308193,tt0160182,en,Desperate But Not Serious,2000-10-31,0,94,0.0,0
0,0,9883,tt0192407,de,Otto - Der Katastrofenfilm,2000-03-22,0,87,4.7,15
0,0,348176,tt0319567,en,International Necktie Strangler,2000-06-01,0,80,0.0,0
0,0,49922,tt0194530,en,Whatever Happened to Harold Smith?,2000-03-10,0,95,6.6,8
0,0,220585,tt3503954,cn,??2000,2000-11-30,0,87,0.0,0
0,0,85411,tt0214698,en,The Three Stooges,2000-04-24,0,88,4.8,5
0,0,55302,tt0210943,en,Relative Values,2000-06-23,0,87,5.7,13
0,0,39242,tt0246834,en,The Other Me,2000-09-08,0,90,5.4,14
0,0,81566,tt0297071,ko,???? ?? 2: ?????,2000-11-11,0,117,5.7,3
0,0,34037,tt0163080,en,The Magic Pudding,2000-12-14,0,80,4.0,1
0,0,26436,tt0204932,sv,Den b?sta sommaren,2000-03-13,0,91,7.2,13
0,0,54690,tt0253378,ko,?! ??,2000-05-27,0,126,7.3,8
0,0,100122,tt0242285,es,El arte de morir,2000-05-31,0,102,5.0,3
0,0,13899,tt0285005,ja,DEAD OR ALIVE 2????,2000-12-02,0,97,6.8,25
0,0,47574,tt0259442,en,The Monkey's Mask,2000-09-27,0,93,4.8,7
0,0,33994,tt0238321,en,ivans xtc.,2000-09-12,0,94,5.2,7
0,0,44756,tt0250440,en,Is It Fall Yet?,2000-08-27,0,75,7.5,23
0,0,46406,tt0248185,hi,Mission Kashmir,2000-10-27,0,0,5.8,15
0,4000000,40249,tt0221633,en,They Nest,2000-01-01,0,92,4.7,15
0,3000000,88634,tt0187559,en,Playing Mona Lisa,2000-05-01,0,97,6.0,2
0,0,269037,tt0185556,en,Nowhere Land,2000-04-19,0,88,6.0,1
0,6000000,47816,tt0199290,en,3 Strikes,2000-03-01,9000000,82,5.9,15
0,0,222037,tt1190535,en,The Adventures of Young Indiana Jones: My First Adventure,2000-07-10,0,90,5.8,4
0,0,41165,tt0158033,en,Nora,2000-04-05,0,106,6.1,6
0,0,31774,tt0192455,en,Picking Up the Pieces,2000-05-26,0,95,4.1,21
0,0,31321,tt0219288,cs,Samot??i,2000-04-13,0,103,7.9,12
0,0,36380,tt0238119,pl,Chlopaki nie placza,2000-02-25,0,90,7.5,19
0,0,48123,tt0221885,en,Contaminated Man,2000-12-17,0,100,5.0,5
0,0,83581,tt0218616,en,Some Voices,2000-08-25,0,101,6.8,4
0,0,32166,tt0221069,en,Chasing Sleep,2000-09-08,0,104,6.4,16
0,0,5643,tt0221554,en,Six-Pack,2000-04-26,0,110,7.0,3
0,21000000,44947,tt0244173,en,Le roi danse,2000-12-06,0,115,7.2,13
0,0,52805,tt0256459,en,The Truth About Jane,2000-08-07,0,87,5.8,10
0,0,95493,tt0168785,en,Final Voyage,2000-06-20,0,95,3.5,4
0,0,18778,tt0238247,en,God's Army,2000-03-10,0,108,7.3,4
0,0,59002,tt0250343,fr,Du Poil sous les roses,2000-11-01,0,85,5.5,2
0,0,49167,tt0260688,fr,"Ali Zaoua, prince de la rue",2000-01-01,0,99,6.3,12
0,0,478416,tt0192346,sr,Senke uspomena,2000-03-31,0,122,0.0,0
0,0,39907,tt0284880,th,????????,2000-12-29,0,113,6.9,7
0,0,58437,tt0244647,it,Mary Magdalene,2000-04-24,0,98,5.5,3
0,0,35066,tt0236034,en,Born Romantic,2000-09-14,0,96,5.9,8
0,0,48522,tt0239797,de,Der Per?ckenmacher,2000-01-01,0,15,8.1,9
0,0,24908,tt0243135,fr,Le battement d'ailes du papillon,2000-06-12,0,90,6.1,9
0,0,423128,tt0293532,en,Psycho Path,2000-02-10,0,30,8.0,1
0,0,227149,tt0211426,en,Ice Angel,2000-03-05,0,99,3.7,3
0,0,99657,tt0249248,de,Julianes Sturz in den Dschungel,2000-02-01,0,65,7.7,7
0,0,443211,tt0278818,cn,????,2000-10-26,0,0,0.0,0
0,0,1163,tt0246786,en,The Miracle Worker,2000-11-12,0,95,5.1,6
0,0,33901,tt0245192,en,Kahpe Bizans,2000-01-21,0,0,4.8,6
0,0,113612,tt0243067,fr,In the Beginning,2000-11-12,0,189,5.0,3
0,0,32248,tt0260054,ja,?????,2000-09-11,0,138,6.7,9
0,0,45203,tt0177068,it,Once in the Life,2000-10-27,0,107,5.5,2
0,0,12724,tt0217331,en,The Convent,2000-01-21,0,79,5.4,15
0,46000,193932,tt0273870,ml,???????,2000-01-26,500000,175,7.1,5
0,0,5707,tt0250730,en,Shooting War,2000-12-07,0,88,5.3,2
0,0,127849,tt0258489,cn,??,2000-05-27,0,96,6.4,10
0,0,52654,tt0211492,en,The Luzhin Defence,2000-08-21,0,109,6.6,15
0,100,36224,tt0166370,en,Subconscious Cruelty,2000-10-12,0,92,5.8,18
0,0,36246,tt0239655,ja,MONDAY,2000-01-01,0,100,7.5,22
0,0,17208,tt0239894,en,Paradise Lost 2: Revelations,2000-07-28,0,130,7.2,26
0,0,3178,tt0211941,en,Beat,2000-01-29,0,93,4.9,9
0,0,60587,tt0163887,en,The Audrey Hepburn Story,2000-03-27,0,133,4.9,16
0,20000000,17806,tt0196723,en,Forever Lulu,2000-01-01,0,95,5.1,6
0,0,47244,tt0216605,en,La Captive,2000-09-27,0,118,4.8,6
0,0,291726,tt0235015,en,Running Mates,2000-08-13,0,90,5.2,5
0,0,15090,tt0179861,en,Icebreaker,2000-01-01,0,90,4.4,5
0,0,22426,tt0203835,en,The Alternate,2000-04-07,0,95,2.4,7
0,0,23655,tt0212974,en,Groove,2000-06-08,0,86,5.6,6
0,0,12255,tt0191915,en,Cord,2000-01-01,0,100,5.6,8
0,0,58886,tt0209037,nl,Iedereen Beroemd!,2000-04-12,0,0,6.4,8
0,0,47595,tt0157122,sv,Trol?sa,2000-09-15,0,142,6.4,7
0,0,32555,tt0222666,en,24 Hours in London,2000-07-14,0,90,2.0,1
0,0,318602,tt0240804,pt,Picnic,2000-04-16,0,100,0.0,1
0,0,49453,tt0206742,en,Fast Food Fast Women,2000-05-15,0,95,5.9,9
0,15000000,29946,tt0200669,en,The Golden Bowl,2000-05-14,0,130,6.5,21
0,0,13898,tt0255094,fa,?????,2000-09-08,0,90,6.6,17
0,3,60119,tt0244196,en,Second Skin,2000-12-22,0,95,4.0,6
0,0,31610,tt0162711,en,Trixie,2000-06-28,0,116,4.0,1
0,120000,19085,tt0120467,en,Vulgar,2000-09-13,14904,87,5.3,17
0,0,32834,tt0196106,en,MVP: Most Valuable Primate,2000-08-11,0,93,4.5,12
0,0,26743,tt0234889,en,Thumbtanic,2000-07-07,0,26,6.4,8
0,0,24656,tt0197392,en,Da Jeg Traff Jesus... Med Sprettert,2000-09-01,0,88,5.5,2
0,3000000,23531,tt0174336,en,Whipped,2000-09-01,0,82,3.1,11
0,0,63607,tt0246405,en,27 Missing Kisses,2000-10-26,0,95,5.7,6
0,0,112977,tt0233535,en,Deadlocked,2000-06-18,0,90,7.5,2
0,0,29136,tt0210044,en,Flowers for Algernon,2000-02-20,0,120,5.6,10
0,0,22617,tt0229340,en,Dinner Rush,2000-09-01,0,99,7.1,19
0,0,252724,tt0137937,en,Mary and Rhoda,2000-02-07,0,86,0.0,0
0,0,41656,tt0221905,en,Octopus,2000-09-21,0,100,3.5,16
0,0,72356,tt0217019,fr,Sade,2000-08-23,0,100,6.2,8
0,0,77434,tt0197096,en,What's Cooking?,2000-01-20,0,110,6.4,7
0,0,71550,tt0262001,en,The Sight,2000-10-29,0,86,5.6,6
0,0,81442,tt0160403,en,The Independent,2000-11-10,0,95,5.8,6
0,0,181056,tt0157836,en,Island of the Dead,2000-11-14,0,91,3.5,4
0,0,49671,tt0236576,de,Paragraph 175,2000-01-22,0,81,4.2,6
0,0,57704,tt0181311,it,Best,2000-05-10,0,0,6.5,7
0,0,40878,tt0210628,en,The Crossing,2000-01-10,0,89,6.5,7
0,3000000,191,tt0248103,de,Die innere Sicherheit,2000-09-01,0,106,7.0,4
0,0,295560,tt0259256,en,Clint Eastwood: Out of the Shadows,2000-09-27,0,87,8.5,2
0,0,201447,tt0235596,da,Mirakel,2000-10-13,0,80,4.3,3
0,0,32067,tt0200472,en,Beautiful Joe,2000-06-09,0,98,5.4,7
0,0,28988,tt0246266,fa,Takht? siah,2000-09-01,0,85,6.2,12
0,0,161223,tt0247992,en,Dulhan Hum Le Jayenge,2000-01-15,0,158,6.1,7
0,0,19349,tt0278793,en,The Up in Smoke Tour,2000-12-02,0,119,7.7,18
0,0,58062,tt0248912,en,Into the Arms of Strangers: Stories of the Kindertransport,2000-09-06,0,122,7.8,6
0,0,201178,tt0144156,en,Dark Confessions,2000-02-28,0,92,7.0,1
0,0,25293,tt0264695,en,The Hound of the Baskervilles,2000-10-28,0,90,6.4,7
0,0,25651,tt0269857,ko,????,2000-06-24,0,82,4.7,9
0,0,29507,tt0177749,de,Erleuchtung Garantiert,2000-01-20,0,109,6.8,4
0,0,21174,tt0265018,ja,??? ????????,2000-10-21,0,106,6.6,9
0,0,25014,tt0216799,en,Harrison's Flowers,2000-09-23,0,130,6.6,17
0,1900000,82103,tt0244504,pt,"Eu, Tu, Eles",2000-08-17,2070806,104,6.5,14
0,0,264108,tt0299479,en,Any Given Wednesday,2000-02-02,0,2,6.3,3
0,0,27320,tt0239496,en,Jack Frost 2: Revenge of the Mutant Killer Snowman,2000-01-01,0,91,4.8,16
0,0,27824,tt0231956,en,The Last Man,2000-04-15,0,95,4.5,3
0,0,20152,tt0233651,is,Englar alheimsins,2000-01-01,0,100,6.9,11
0,0,156635,tt0266079,en,You're the one (una historia de entonces),2000-10-13,0,111,7.3,4
0,0,62729,tt0249474,en,??????? ??? ????,2000-06-06,0,110,4.5,5
0,0,24955,tt0188350,sv,Det nya landet,2000-11-24,0,128,7.3,4
0,0,173374,tt0211309,it,Il Cielo Cade,2000-03-28,0,102,6.8,4
0,0,97351,tt0222270,hi,??? ?? ??? ?? ???????????,2000-01-21,0,168,6.8,19
0,0,41425,tt0220631,ca,El mar,2000-04-14,0,113,6.8,13
0,0,9892,tt0178043,en,Stranger Than Fiction,2000-03-16,0,90,5.0,4
0,0,130443,tt0365908,en,Walking the Tracks: The Summer of 'Stand by Me',2000-08-29,0,37,7.8,11
0,0,76657,tt0228351,en,Growing Up Brady,2000-05-21,0,100,5.3,9
0,0,21370,tt0210584,en,Bootmen,2000-10-05,0,89,5.7,7
0,0,28065,tt0301605,en,Mario Bava: Maestro of the Macabre,2000-01-01,0,60,5.7,3
0,0,123187,tt0144608,en,Sinbad: Beyond the Veil of Mists,2000-03-24,0,85,4.0,5
0,0,18153,tt0161216,en,Steal This Movie,2000-08-18,0,107,6.2,11
0,0,34056,tt0221563,en,Sorted,2000-10-06,0,102,5.7,3
0,0,139017,tt0290621,en,Franklin and the Green Knight,2000-01-01,0,0,6.0,2
0,3900000,60579,tt0222012,ta,Hey Ram,2000-02-18,4900000,199,6.7,10
0,0,106234,tt0224050,en,Saltwater,2000-09-29,0,97,7.0,2
0,0,38934,tt0262748,en,Santana: Supernatural Live,2000-01-01,0,147,6.6,5
0,0,41877,tt0230098,fr,La confusion des genres,2000-12-27,0,94,5.7,3
0,0,80376,tt0242848,en,Once Upon A Christmas,2000-12-10,0,90,2.9,4
0,0,49785,tt0263868,el,???? ?????,2000-01-01,0,105,7.5,4
0,0,127435,tt0247887,es,Una noche con Sabrina Love,2000-06-08,0,100,5.3,3
0,0,49721,tt0183503,en,Me Myself I,2000-04-20,369975,104,5.9,11
0,0,69758,tt0230745,en,Sc?nes de crimes,2000-03-15,0,100,5.8,6
0,0,73534,tt0160550,ru,??????,2000-09-03,0,0,4.7,3
0,0,45602,tt0243220,en,Disappearing Acts,2000-12-09,0,115,5.3,9
0,4000000,36234,tt0220100,en,Timecode,2000-03-22,0,97,5.9,20
0,0,96892,tt0208675,en,Sexo por compasi?n,2000-06-30,0,109,6.4,5
0,0,10558,tt0221928,en,Seven Days to Live,2000-06-25,0,96,4.9,9
0,0,260542,tt0208176,en,??? ????????,2000-08-23,0,79,0.5,1
0,1000000,56666,tt0248012,hi,Fiza,2000-09-08,623791,170,6.1,7
0,0,222040,tt1194567,en,The Adventures of Young Indiana Jones: The Perils of Cupid,2000-09-19,0,90,5.0,2
0,0,77332,tt0182508,en,Urbania,2000-01-24,0,103,5.2,10
0,0,47191,tt0218067,en,The Calling,2000-01-01,0,89,4.2,15
0,500000,15701,tt0267601,en,The Irrefutable Truth About Demons,2000-05-01,0,90,6.2,8
0,0,38503,tt0216620,fr,Christina's House,2000-02-24,0,90,3.9,11
0,0,23705,tt0168504,en,A Better Way to Die,2000-01-01,0,96,5.8,8
0,0,22724,tt0271061,en,Metallica: S&M,2000-06-20,0,190,8.6,8
0,0,49979,tt0204761,fr,La fid?lit?,2000-04-05,0,159,5.1,7
0,0,23618,tt0236388,en,The Original Kings of Comedy,2000-08-18,0,115,6.5,16
0,0,21488,tt0228242,fr,Dr?le de F?lix,2000-04-19,0,95,5.1,7
0,0,2188,tt0267391,en,The Corrs Live at Lansdowne Road,2000-11-10,0,87,7.3,5
0,0,81277,tt0228180,en,Dangerous Attraction,2000-05-30,0,0,3.8,2
0,0,232696,tt0250452,hi,Joru ka Ghulam,2000-06-15,0,162,10.0,1
0,75000000,36657,tt0120903,en,X-Men,2000-07-13,296339527,104,6.8,4206
0,0,81040,tt0216890,fr,Amazone,2000-07-19,0,88,4.5,2
0,6105121,54380,tt0120626,pt,Capit?es de Abril,2000-04-21,0,123,6.5,18
0,0,165541,tt0235369,en,The Erotic Witch Project,2000-02-10,0,78,5.0,1
0,0,66601,tt0253042,de,The Dinosaur Hunter,2000-08-05,0,0,5.8,2
0,0,222039,tt1194566,en,The Adventures of Young Indiana Jones: Passion for Life,2000-09-18,0,90,5.5,2
0,2000000,122163,tt0199650,en,Jill Rips,2000-01-28,0,94,4.0,7
0,0,36273,tt0246498,ja,Hy?ry?-gai,2000-09-15,0,102,6.5,10
0,0,70121,tt0248803,en,First Target,2000-01-01,0,93,1.3,3
0,0,128416,tt0371941,en,Senketsu no kizuna: Kichiku reipuhan o shinkan saseta shimai,2000-05-05,0,67,5.3,2
0,0,30450,tt0255914,en,The Darkling,2000-08-14,0,86,4.0,1
0,0,59317,tt0304676,en,Scrapbook,2000-01-01,0,95,5.1,8
0,0,47589,tt0161542,de,Der Einstein des Sex,2000-03-16,0,100,5.9,4
0,0,104717,tt0236013,en,Guilty as Charged,2000-12-08,0,97,3.5,1
0,0,26450,tt0266850,en,Phantom of the Megaplex,2000-11-10,0,89,5.7,20
0,0,64114,tt0197402,nb,Detektor,2000-08-25,0,104,4.5,3
0,0,55026,tt0191242,en,The Last Stop,2000-05-16,0,94,5.8,4
0,0,75571,tt0313441,ja,??????????? ???????????,2000-03-04,0,40,7.6,17
0,3500000,141319,tt0183808,en,Spanish Judges,2000-10-16,0,94,5.5,2
0,0,24309,tt0221838,en,Borstal Boy,2000-01-01,0,93,5.6,13
0,0,101514,tt0245380,en,Quints,2000-08-18,0,83,5.5,15
0,0,291721,tt0188688,en,Insatiable Wives,2000-12-19,0,0,0.0,0
0,0,16874,tt0216417,en,The Wog Boy,2000-02-24,0,92,6.2,5
0,0,45128,tt0244437,en,The Brainiacs.com,2000-12-22,0,110,5.8,3
0,0,125709,tt0172632,en,Joe Gould's Secret,2000-01-21,0,104,6.8,6
0,0,205663,tt0275210,en,Baby,2000-07-05,0,12,7.0,1
0,0,125173,tt0254705,sl,Porno film,2000-03-31,0,80,5.0,6
0,0,233542,tt0269157,en,A Dinner of Herbs,2000-01-01,0,286,4.0,1
0,1900000,45861,tt0303243,zh,????,2000-12-31,240093,102,6.4,9
0,0,351210,tt0328190,en,NoAngels.com,2000-09-26,0,0,0.0,0
0,0,221841,tt0195631,en,Alone with a Stranger,2000-05-31,0,93,4.0,1
0,0,274947,tt0233954,en,It Was an Accident,2000-10-27,0,96,6.0,1
0,0,144524,tt0155723,en,A Good Baby,2000-12-01,0,0,0.0,0
0,0,260779,tt0192678,en,Tierra del fuego,2000-05-19,0,108,5.0,1
0,0,60703,tt0246332,en,Slow Burn,2000-11-01,0,90,5.5,1
0,0,31140,tt0267817,ja,Party 7,2000-09-27,0,104,5.4,6
0,500000,54578,tt0195857,en,Kin,2000-07-05,0,89,0.0,0
0,0,42195,tt0258247,en,The Testaments,2000-03-24,0,65,7.2,9
0,0,27181,tt0239381,pt,O Fantasma,2000-10-20,0,87,5.9,22
0,150000,28349,tt0225481,en,The Dead Hate the Living!,2000-02-08,0,90,3.9,9
0,0,58195,tt0169543,it,Almost Blue,2000-01-01,0,82,6.0,10
0,0,37998,tt0266555,ja,Freeze Me,2000-05-23,0,101,5.4,9
0,0,32249,tt0214728,cn,Gong yuan 2000 AD,2000-01-01,0,109,6.7,9
0,10000000,95136,tt0123003,en,Bruno,2000-04-16,0,108,7.4,8
0,0,81760,tt0270919,ko,??,2000-05-27,0,112,6.4,11
0,0,201724,tt0170452,en,Prince of Central Park,2000-09-22,0,109,5.2,6
0,0,15496,tt0269969,ja,Tokyo gomi onna,2000-01-01,0,88,7.9,5
0,0,31443,tt0234516,en,The President's Man,2000-01-01,0,90,3.4,11
0,0,108904,tt0262002,en,The Silencer,2000-01-01,0,87,5.0,1
0,0,36044,tt0285893,en,Peter Kay - Live at the Top of the Tower,2000-04-10,0,70,7.2,9
0,0,166641,tt0239058,en,The Hustle,2000-04-16,0,96,5.5,2
0,0,67252,,de,Hotel Splendide,2000-09-21,0,98,6.0,7
0,0,91520,tt0246119,ru,???????,2000-05-14,0,114,5.8,6
0,0,117262,tt0178050,en,Sunset Strip,2000-08-18,0,90,6.0,1
0,0,36979,tt0160393,en,Ice,2000-07-22,0,93,6.5,7
0,0,16171,tt0235618,en,The Nine Lives of Tomas Katz,2000-03-01,0,87,7.6,8
0,0,45952,tt0239102,cs,Kytice,2000-12-07,0,81,7.1,8
0,0,45548,tt0176579,en,Bullfighter,2000-10-01,0,90,3.0,2
0,0,345864,tt0296617,en,Emmanuelle 2000: Emmanuelle and the Art of Love,2000-12-01,0,90,0.0,0
0,0,142478,tt0267721,nl,The Making of 'The Bridge on the River Kwai',2000-01-01,0,53,5.0,1
0,0,47724,tt0153464,en,Up at the Villa,2000-04-14,0,115,5.9,7
0,0,22470,tt0228871,en,Sleepwalker,2000-01-01,0,95,5.3,9
0,0,31920,tt0215111,en,The Railway Children,2000-01-01,0,103,7.4,6
0,0,82643,tt0220399,en,Drop Back Ten,2000-01-22,0,93,0.0,0
0,0,102242,tt0246937,en,Something to Sing About,2000-06-10,0,87,5.3,2
0,0,59709,tt0190281,en,Britannic,2000-01-09,0,93,4.6,7
0,0,115675,tt0243142,es,Besos para todos,2000-12-01,0,101,0.0,0
0,0,31053,tt0461570,ja,????? 1$???????,2000-07-28,0,91,6.3,4
0,0,110977,tt0113092,en,For the Cause,2000-11-15,0,100,3.9,4
0,0,153913,tt0202989,en,The Intern,2000-01-21,0,90,2.4,4
0,0,2394,tt0261964,fr,Sans famille,2000-12-12,0,180,6.7,3
0,0,279852,tt0262414,it,Federico Fellini - un autoritratto ritrovato,2000-09-05,0,68,6.7,3
0,0,354396,tt0279077,ja,????,2000-04-26,0,151,7.7,16
0,0,73138,tt0256127,ja,?,2000-08-12,0,123,5.3,6
0,0,351208,tt0325159,en,Casting Couch,2000-04-25,0,0,0.0,0
0,0,46269,tt0160495,en,Luckytown,2000-08-04,0,105,6.9,3
0,0,257290,tt0282971,en,The Sid Caesar Collection: The Magic of Live TV,2000-06-20,0,76,0.0,0
0,0,30628,tt0208298,en,The Miracle Maker,2000-03-31,0,90,5.3,7
0,0,305635,tt0235681,en,Lord Edgware Dies,2000-02-19,0,0,7.4,7
0,0,174797,tt0169514,en,Witchblade,2000-08-27,0,94,4.3,6
0,2000000,49035,tt0242256,ta,?????????,2000-04-14,6000000,156,6.7,6
0,0,39983,tt0295362,ja,Kaosu,2000-06-30,0,90,6.2,10
0,0,113213,tt0219519,en,Auggie Rose,2000-05-14,0,109,6.5,4
0,0,73642,tt0218112,en,The Closer You Get,2000-12-27,0,93,4.5,2
0,0,32567,tt0264578,en,The Endurance: Shackleton's Legendary Antarctic Expedition,2000-09-02,2452566,97,6.2,13
0,0,2805,tt0269217,th,???????????,2000-10-05,0,110,6.6,10
0,0,20861,tt0212604,en,Tully,2000-01-01,0,102,6.4,6
0,0,43592,tt0221115,it,Denti,2000-10-13,0,0,6.5,2
0,0,52193,,en,Ping!,2000-02-02,0,93,6.7,3
0,0,117087,tt2180441,en,Kureyon Shinchan: Arashi o Yobu Janguru!,2000-04-22,0,90,8.0,1
0,700000,55101,tt0186183,en,The Guilty,2000-06-01,0,108,5.3,14
0,0,49947,tt0242956,en,Meat Loaf: To Hell and Back,2000-01-05,0,87,3.8,2
0,0,127439,tt0183280,en,Deep Water,2000-01-01,0,90,4.0,2
0,0,71465,tt0212889,en,Common Ground,2000-01-29,0,105,2.7,3
0,0,47108,tt0211718,fr,Vengo,2000-10-04,124994,90,6.8,5
0,10000000,123447,tt0188045,en,Magicians,2000-01-01,0,108,4.5,3
0,0,273106,tt0255873,en,Peter Pan,2000-10-10,0,104,7.2,5
0,0,52790,tt0190255,en,The Basket,2000-05-05,619042,105,6.9,7
0,0,135855,tt0217363,en,Dirty Pictures,2000-05-27,0,104,7.5,2
0,0,440679,tt0241953,en,The Princess and the Barrio Boy,2000-12-08,0,93,2.5,2
0,0,241761,tt0259744,zh,??,2000-10-14,0,119,6.5,2
0,0,400704,tt2630514,en,The Legend Floyd: The Dark Side of the Rainbow,2000-07-02,0,43,0.0,0
0,0,27734,tt0200515,fr,Camp Blood,2000-04-04,0,73,3.1,5
0,0,179384,tt0164962,en,The Virginian,2000-01-09,0,95,2.3,4
0,0,157800,tt0250415,hi,Har Dil Jo Pyar Karega...,2000-07-23,0,173,5.4,11
0,0,222055,tt0250196,en,The Adventures of Young Indiana Jones: Adventures in the Secret Service,2000-01-01,0,90,4.5,3
0,0,30809,tt0200656,en,Geppetto,2000-05-07,0,89,4.8,4
0,0,34704,tt0253110,es,La gran vida,2000-10-11,0,112,5.5,5
0,0,39498,tt0269266,ko,??,2000-07-29,0,97,4.4,4
0,0,119064,tt0273276,en,In Bad Taste,2000-01-01,0,77,8.0,3
0,0,281014,tt0253486,en,Sex Files: Pleasureville,2000-01-09,0,79,8.0,1
0,0,50477,tt0233656,en,Epicenter,2000-03-21,0,102,3.4,10
0,0,25069,tt0217629,en,Looking for Alibrandi,2000-05-04,0,103,7.4,7
0,0,98299,tt1291055,ja,???????????02 ??????????????!!????????!!?????????,2000-07-08,0,62,6.3,7
0,0,106230,tt0263957,th,Satree lek,2000-03-04,0,104,5.2,6
0,0,49709,tt0218379,he,Kipor,2000-09-07,0,117,4.0,5
0,0,10469,tt0271029,de,"Komm, s??er Tod",2000-12-22,0,107,7.4,20
0,0,322862,tt0264647,en,Give Me Your Soul...,2000-06-16,0,80,8.0,2
0,0,40681,tt0226009,en,Jailbait!,2000-04-16,0,94,4.7,3
0,0,27100,tt0253063,en,Eban and Charley,2000-06-12,0,86,3.9,5
0,0,102463,tt0156020,en,Ricky 6,2000-04-17,0,111,6.7,3
0,0,103635,tt0228711,en,The Perfect Nanny,2000-03-15,0,90,0.0,0
0,0,73232,tt0160663,en,Blast,2000-04-07,0,88,4.5,2
0,0,45389,tt0284878,cn,Bad Boy??,2000-12-15,0,105,4.5,2
0,0,241689,tt0305716,en,Kailangan Ko'y Ikaw,2000-10-10,0,0,7.3,2
0,0,478315,,cn,????,2000-10-05,0,0,0.0,0
0,0,240157,tt0280599,ml,???????,2000-12-25,0,159,6.3,4
0,0,81593,tt0255327,zh,Liu lian piao piao,2000-11-16,0,116,6.2,9
0,0,67919,tt0216851,sv,J?rng?nget,2000-04-07,0,100,4.0,1
0,0,31006,tt0226771,en,Homicide: The Movie,2000-02-13,0,89,3.9,4
0,555000,13915,tt0219405,en,Waydowntown,2000-01-01,0,84,6.0,5
0,0,27742,tt0259388,ja,??,2000-08-07,0,118,7.6,9
0,0,208910,tt0240884,en,Scorn,2000-09-20,0,91,6.0,1
0,0,23751,tt0188518,en,Complicity,2000-05-06,0,100,7.0,3
0,0,14730,tt0237934,en,The Wyvern Mystery,2000-10-12,0,120,3.8,4
0,0,47980,tt0275434,en,Jesus Christ Superstar,2000-10-16,0,107,7.1,4
0,0,140101,tt0252335,fr,Combat d'amour en songe,2000-08-28,0,123,9.0,3
0,0,21620,tt0249893,en,The Price of Milk,2000-10-13,0,87,6.0,9
0,0,34899,tt0224578,vi,M?a h? chi?u th?ng ??ng,2000-05-24,0,112,6.7,17
0,0,19505,tt0260949,en,Hendrix,2000-09-17,0,100,5.2,6
0,0,41381,tt0218533,hi,?????,2000-02-11,0,0,6.0,4
0,0,34754,tt0243465,sv,Det ok?nda.,2000-10-06,0,90,6.0,7
0,1000000,228642,tt0178655,fr,Exit,2000-07-11,0,110,5.0,2
0,0,63938,tt0200299,fi,Bad Luck Love,2000-05-26,0,94,6.8,9
0,0,74578,tt0217119,fr,Une affaire de go?t,2000-04-26,0,90,5.8,5
0,0,223432,tt0249172,en,The Suicide Club,2000-01-01,0,0,5.5,2
0,0,204839,tt0221581,en,The Stepdaughter,2000-10-31,0,92,4.7,3
0,0,53105,tt0193318,en,Merlin: The Return,2000-12-22,0,90,3.7,3
0,0,274868,tt0165986,en,The Tic Code,2000-06-01,0,91,1.0,1
0,0,276815,tt0296616,en,Emmanuelle 2000: Being Emmanuelle,2000-06-15,0,90,3.0,1
0,0,57450,tt0250425,en,Holiday Heart,2000-12-10,0,100,5.0,2
0,0,140511,tt0177888,en,King of the Jungle,2000-10-12,27,87,5.0,1
0,0,288728,tt0274283,en,The Secret World of Michael Fry,2000-04-25,0,140,0.0,0
0,0,30717,tt0231615,el,????? ???? ???????,2000-01-27,0,82,0.0,0
0,0,61841,tt0200257,pt,Palavra e Utopia,2000-11-17,28000,130,5.3,4
0,0,34794,tt0218625,en,The St  Francisville Experiment,2000-04-15,0,79,5.5,5
0,0,197182,,ru,???: ????? ? ???,2000-12-31,0,63,5.5,1
0,0,52684,tt0166199,fr,Franck Spadone,2000-07-19,0,85,6.0,1
0,700000,55143,tt0185442,en,Love and Rage,2000-02-09,0,100,6.2,3
0,0,262522,tt0241251,en,Poison,2000-04-04,0,93,1.0,1
0,0,201265,tt0205718,it,Teste di cocco,2000-11-03,0,,4.6,7
0,0,77921,tt0218440,en,Miracle In Lane 2,2000-05-13,0,89,5.7,11
0,0,199659,tt0405452,en,Viral Assassins,2000-10-05,0,90,2.0,1
0,0,182002,tt0244505,en,The Expendables,2000-04-25,0,100,9.5,1
0,0,128757,tt0228239,de,3 Chinesen mit dem Kontrabass,2000-03-16,0,0,6.5,2
0,0,36301,tt0268677,en,The Tangerine Bear: Home in Time for Christmas!,2000-01-01,0,48,6.1,8
0,0,99831,tt0226701,es,?ngel Negro,2000-10-31,0,85,5.0,3
0,0,240200,tt0261450,ru,??????? ?????,2000-10-15,420000,135,3.5,2
0,500000,69404,tt1388441,en,??????,2000-02-02,500000,157,7.5,2
0,0,41636,tt0218298,en,Get Your Stuff,2000-06-17,0,93,5.6,5
0,0,45511,tt0217086,en,Teacher's Pet,2000-09-08,0,92,3.5,4
0,0,64357,tt0216911,fr,Meilleur espoir f?minin,2000-05-31,0,0,6.7,10
0,0,38622,tt0197154,en,Gormenghast,2000-01-17,0,240,6.6,9
0,0,246822,tt0191653,en,Wild Grizzly,2000-01-01,0,101,4.5,1
0,0,46704,tt0278707,en,Shakira: MTV Unplugged,2000-02-29,0,51,7.6,6
0,0,251278,tt0233508,en,CyberWorld,2000-10-06,0,44,7.0,2
0,0,20585,tt0259741,en,Ha Yat Dik Mo Mo Cha,2000-12-08,0,98,6.4,4
0,0,27929,tt0260910,en,Fortuna,2000-01-01,0,85,3.5,2
0,0,44933,tt0208026,en,C'era un cinese in coma,2000-03-01,0,108,5.8,35
0,0,81307,tt0272046,ab,Flight of the Reindeer,2000-12-12,0,100,4.7,3
0,0,21117,tt0260862,en,Dirty Tricks,2000-09-24,0,162,9.0,3
0,0,81946,tt0369061,en,X-Men: Production Scrapbook,2000-11-02,0,63,7.0,2
0,0,31875,tt0258761,en,Last Resort,2000-02-23,0,73,5.5,7
0,0,206053,tt0211320,en,A Father's Choice,2000-01-12,0,96,5.2,6
0,0,100607,tt0260776,en,Camera,2000-09-01,0,6,5.7,7
0,0,35117,tt0243876,cn,??????,2000-02-03,0,106,6.2,9
0,0,278784,tt0251662,en,Deliberate Intent,2000-08-06,0,85,6.0,1
0,700000,295752,tt0244842,en,This is How the World Ends,2000-01-01,0,44,4.3,2
0,0,37716,tt0156807,en,Mr Accident,2000-03-24,0,89,5.3,2
0,0,276846,tt0247944,hi,????,2000-02-11,0,173,5.0,1
0,0,223537,tt0163125,en,The Operator,2000-03-04,0,0,4.0,2
0,0,29122,tt0218182,en,An Everlasting Piece,2000-12-22,0,103,6.0,1
0,0,185931,tt0263761,en,More Than Puppy Love,2000-02-25,0,90,9.5,1
0,0,354674,tt0234634,en,Runaway Virus,2000-01-29,0,96,7.0,1
